D1,DS1,DpB,T1,T3,T4,P,M01,M02,TS1,YuntB
195.0,1641.0,279.0,87.0,81.97,80.76,311.04,90.1,69.15,33.38,0.21
190.0,1670.0,289.0,87.0,82.11,81.04,315.17,89.88,71.85,29.82,0.2
179.0,1666.0,287.0,89.0,82.49,81.39,313.95,92.12,46.0,31.93,0.23
202.0,1674.0,281.0,86.0,82.23,80.7,314.15,87.6,53.17,31.84,0.19
183.0,1667.0,291.0,88.0,82.51,81.57,314.17,89.67,60.22,31.73,0.21
190.0,1656.0,284.0,88.0,82.38,81.07,314.17,88.39,67.43,30.95,0.2
188.0,1666.0,286.0,87.0,82.31,81.41,314.27,90.39,59.67,31.52,0.2
195.0,1650.0,295.0,89.0,82.68,81.52,312.63,90.33,63.41,30.35,0.21
186.0,1646.0,312.0,88.0,82.54,81.88,311.97,92.45,56.1,33.67,0.2
190.0,1652.0,296.0,86.0,82.26,81.11,313.15,86.56,88.4,31.73,0.19
201.0,1650.0,300.0,89.0,82.67,82.02,311.89,92.18,83.56,32.09,0.2
218.0,1651.0,299.0,89.0,81.98,81.17,310.48,90.22,62.43,31.11,0.21
196.0,1628.0,323.0,87.0,81.98,81.54,313.85,92.87,65.12,32.04,0.21
195.0,1627.0,284.0,93.0,82.4,82.0,313.01,92.54,103.06,32.07,0.21
190.0,1630.0,291.0,91.0,82.38,81.83,314.0,91.53,98.09,29.99,0.19
199.0,1628.0,280.0,91.0,82.04,81.88,313.93,93.05,53.67,31.08,0.21
205.0,1601.0,284.0,91.0,82.0,81.68,313.9,92.64,63.12,30.76,0.2
198.0,1617.0,290.0,89.0,82.18,81.83,314.21,92.86,57.76,31.78,0.21
217.0,1625.0,293.0,76.0,82.72,81.26,326.19,82.61,91.97,30.48,0.21
255.0,1588.0,305.0,78.0,82.27,80.45,319.53,78.19,89.41,36.37,0.21
190.0,1659.0,266.0,76.0,81.78,81.54,338.66,82.83,80.22,32.59,0.21
186.0,1644.0,278.0,75.0,81.78,80.91,324.85,76.64,68.99,32.3,0.19
211.0,1622.0,298.0,77.0,82.08,80.73,321.17,85.24,66.35,31.76,0.21
223.0,1665.0,300.0,78.0,82.51,80.88,316.52,86.57,93.73,30.3,0.19
224.0,1628.0,322.0,80.0,82.31,80.55,324.96,77.27,60.43,34.2,0.19
210.0,1635.0,313.0,77.0,81.95,80.65,335.38,78.42,66.56,32.0,0.19
173.0,1647.0,274.0,77.0,81.24,79.8,327.07,76.37,67.44,31.59,0.19
175.0,1665.0,206.0,78.0,81.81,80.5,325.84,79.07,59.16,32.09,0.2
190.0,1635.0,272.0,79.0,81.9,80.68,328.01,77.66,55.88,32.95,0.19
146.0,1661.0,293.0,76.0,81.55,80.77,332.32,79.05,62.15,32.84,0.2
195.0,1653.0,297.0,79.0,81.86,80.57,325.12,78.63,48.33,32.63,0.2
193.0,1638.0,193.0,77.0,82.24,80.55,327.17,83.73,73.84,32.63,0.19
236.0,1618.0,299.0,81.0,82.11,80.49,329.03,76.33,64.11,34.05,0.21
232.0,1618.0,299.0,82.0,82.19,80.59,329.62,80.97,51.31,33.1,0.2
228.0,1615.0,316.0,84.0,82.47,81.04,329.55,84.49,45.44,31.81,0.2
220.0,1616.0,319.0,83.0,81.96,80.49,324.95,90.33,43.98,32.48,0.21
220.0,1623.0,294.0,83.0,81.78,80.59,326.03,81.58,40.11,30.51,0.2
243.0,1607.0,288.0,82.0,81.61,80.17,326.72,77.46,79.23,31.3,0.2
183.0,1630.0,251.0,79.0,81.69,80.31,328.5,80.16,77.9,33.61,0.19
212.0,1622.0,278.0,81.0,82.14,80.69,332.16,76.03,44.94,31.63,0.2
215.0,1635.0,275.0,82.0,82.51,81.05,328.7,80.39,57.53,33.3,0.19
215.0,1604.0,281.0,80.0,81.36,80.01,324.26,84.15,62.0,32.2,0.19
218.0,1639.0,305.0,81.0,82.52,81.22,324.55,87.02,73.79,31.72,0.21
220.0,1635.0,320.0,81.0,82.03,80.76,324.49,87.23,48.22,31.34,0.19
227.0,1629.0,311.0,81.0,82.1,80.77,328.64,84.71,76.57,29.97,0.21
232.0,1631.0,300.0,81.0,82.28,80.68,320.0,85.41,55.5,31.2,0.2
219.0,1635.0,305.0,81.0,82.02,80.57,320.0,85.46,67.08,33.17,0.21
219.0,1614.0,288.0,82.0,81.72,80.3,322.44,79.18,64.24,31.21,0.2
228.0,1621.0,299.0,83.0,81.69,80.39,322.03,77.13,72.5,32.5,0.22
203.0,1617.0,336.0,82.0,81.88,80.62,324.98,76.29,93.34,32.16,0.21
183.0,1639.0,301.0,87.0,82.09,81.14,325.9,85.48,41.64,31.9,0.21
192.0,1638.0,285.0,87.0,81.43,80.61,330.58,75.49,69.49,34.03,0.2
214.0,1614.0,312.0,89.0,82.03,80.98,328.07,77.4,58.65,34.27,0.2
218.0,1611.0,319.0,89.0,82.05,81.0,326.96,78.42,63.94,34.88,0.21
221.0,1609.0,323.0,89.0,81.96,80.93,325.05,79.54,70.37,33.15,0.2
224.0,1603.0,326.0,89.0,81.84,80.98,320.03,80.95,77.88,31.63,0.21
227.0,1595.0,346.0,87.0,81.89,80.69,319.9,78.51,91.99,32.78,0.2
229.0,1612.0,313.0,86.0,81.72,80.6,319.02,76.41,76.03,33.86,0.19
216.0,1610.0,308.0,85.0,81.72,80.57,320.45,76.12,71.76,33.2,0.21
213.0,1629.0,311.0,86.0,82.07,80.96,321.21,76.92,74.0,32.89,0.2
226.0,1633.0,327.0,86.0,82.53,81.3,320.99,81.39,91.87,31.02,0.21
218.0,1617.0,311.0,85.0,82.3,80.98,320.41,78.83,78.73,32.44,0.2
211.0,1643.0,333.0,89.0,82.27,81.77,320.14,90.06,85.75,30.66,0.2
190.0,1642.0,241.0,89.0,82.35,81.14,329.46,79.55,78.43,31.65,0.19
168.0,1651.0,299.0,88.0,81.78,81.63,326.29,79.81,74.45,34.34,0.2
220.0,1621.0,366.0,91.0,82.09,81.37,331.44,77.01,89.26,32.54,0.2
217.0,1604.0,311.0,90.0,81.95,81.43,332.11,76.9,57.75,34.53,0.2
213.0,1633.0,307.0,92.0,81.38,80.69,321.36,76.25,66.56,33.0,0.2
232.0,1586.0,320.0,93.0,81.82,80.95,326.03,75.39,90.19,34.29,0.2
209.0,1606.0,278.0,94.0,82.01,81.17,328.68,76.09,87.7,34.95,0.21
236.0,1610.0,296.0,92.0,81.92,80.96,324.37,76.77,67.32,36.27,0.21
246.0,1595.0,307.0,87.0,82.25,81.08,323.07,81.34,77.53,34.9,0.21
247.0,1607.0,304.0,87.0,82.3,81.19,319.21,83.69,77.61,34.05,0.2
211.0,1593.0,305.0,87.0,81.88,81.12,324.54,79.11,81.27,34.63,0.21
192.0,1628.0,294.0,85.0,81.79,81.31,326.12,81.21,76.23,34.58,0.19
175.0,1634.0,271.0,84.0,81.7,80.54,327.73,76.5,65.93,35.27,0.19
160.0,1645.0,267.0,84.0,81.89,80.72,329.52,83.36,85.18,34.71,0.21
165.0,1614.0,164.0,87.0,81.67,80.97,331.96,76.01,62.0,35.18,0.2
189.0,1650.0,276.0,88.0,81.98,81.42,329.66,77.7,52.39,35.36,0.2
221.0,1619.0,310.0,91.0,81.83,81.23,324.58,77.77,94.69,34.35,0.21
232.0,1614.0,311.0,92.0,81.93,81.31,319.97,81.47,85.31,35.12,0.22
226.0,1607.0,319.0,92.0,81.64,80.91,320.19,78.69,91.26,35.71,0.22
212.0,1647.0,292.0,87.0,82.14,81.5,326.97,86.08,78.4,34.33,0.19
208.0,1640.0,302.0,87.0,81.74,81.33,324.92,85.22,77.63,34.61,0.22
224.0,1679.0,298.0,90.0,81.8,81.23,319.48,90.34,60.29,33.77,0.2
221.0,1673.0,308.0,89.0,81.72,80.95,322.56,81.5,61.74,35.03,0.21
250.0,1647.0,307.0,90.0,82.3,81.2,319.83,85.47,72.2,36.1,0.22
231.0,1627.0,316.0,85.0,82.25,80.95,318.96,84.83,73.35,33.9,0.21
225.0,1606.0,306.0,83.0,82.15,81.01,319.55,87.45,62.81,34.59,0.21
253.0,1623.0,304.0,87.0,81.89,80.68,319.96,83.6,79.75,34.75,0.21
200.0,1640.0,277.0,84.0,81.46,80.85,321.53,80.71,54.03,34.7,0.2
210.0,1657.0,286.0,84.0,81.77,81.14,321.91,82.83,83.51,35.76,0.19
227.0,1654.0,319.0,85.0,82.19,81.31,318.65,86.77,85.31,33.95,0.19
206.0,1631.0,291.0,84.0,81.76,81.17,324.07,81.84,41.22,34.83,0.2
207.0,1634.0,304.0,84.0,81.95,81.3,323.34,82.9,46.1,35.81,0.19
210.0,1639.0,298.0,84.0,82.12,81.47,322.18,84.38,52.66,35.21,0.21
214.0,1645.0,291.0,84.0,82.3,81.64,321.02,85.86,59.21,35.5,0.19
216.0,1639.0,293.0,83.0,82.39,81.75,319.98,87.17,71.98,34.38,0.2
216.0,1659.0,315.0,85.0,82.14,81.68,319.5,88.12,78.04,33.8,0.22
212.0,1655.0,306.0,86.0,81.93,81.41,319.86,85.58,74.35,34.45,0.21
223.0,1639.0,301.0,85.0,81.97,81.3,322.49,85.4,75.08,34.05,0.22
226.0,1641.0,325.0,84.0,81.73,80.8,319.64,88.72,84.54,34.71,0.2
243.0,1639.0,323.0,84.0,81.99,80.81,319.99,83.4,76.22,35.53,0.2
242.0,1625.0,313.0,85.0,82.24,81.09,319.51,81.8,80.4,35.11,0.21
198.0,1644.0,295.0,83.0,82.08,81.59,323.11,83.98,69.15,35.03,0.21
219.0,1635.0,296.0,85.0,82.23,81.42,323.16,85.02,74.66,34.58,0.21
229.0,1643.0,315.0,86.0,82.2,81.28,318.15,84.53,84.41,35.3,0.2
223.0,1636.0,307.0,88.0,82.07,80.96,320.74,79.74,59.91,35.18,0.19
238.0,1649.0,306.0,88.0,82.65,81.38,320.76,84.5,61.81,35.34,0.2
218.0,1655.0,326.0,87.0,82.47,81.26,316.73,84.88,77.33,34.92,0.19
215.0,1666.0,325.0,89.0,82.45,81.27,320.1,85.01,77.77,33.17,0.22
203.0,1671.0,305.0,87.0,82.07,81.11,321.44,83.6,70.73,33.04,0.21
210.0,1655.0,306.0,87.0,82.26,81.51,321.83,84.89,51.34,34.05,0.2
249.0,1625.0,311.0,87.0,81.59,80.39,321.04,80.88,64.93,34.6,0.22
233.0,1634.0,320.0,88.0,81.83,80.45,321.77,81.55,69.8,34.44,0.21
247.0,1633.0,301.0,87.0,82.17,80.61,322.38,82.1,58.5,36.21,0.2
230.0,1644.0,318.0,88.0,82.47,81.02,321.94,82.64,68.85,35.54,0.19
254.0,1624.0,318.0,89.0,82.31,80.96,322.21,81.26,75.94,34.56,0.2
237.0,1616.0,302.0,88.0,82.24,80.9,323.84,80.21,59.66,35.14,0.21
189.0,1670.0,252.0,86.0,81.03,81.28,318.31,84.19,60.79,36.28,0.23
209.0,1664.0,283.0,83.0,82.03,80.87,317.97,84.28,55.42,35.72,0.21
196.0,1673.0,275.0,83.0,82.35,81.33,318.19,86.56,53.94,37.71,0.2
168.0,1656.0,184.0,81.0,81.8,80.82,326.78,83.07,71.34,32.4,0.2
234.0,1628.0,307.0,85.0,82.06,80.95,322.82,84.01,72.42,31.94,0.19
165.0,1646.0,305.0,82.0,81.76,80.59,331.06,81.63,72.7,31.21,0.21
202.0,1631.0,301.0,83.0,82.21,80.98,327.74,84.38,68.31,31.78,0.19
231.0,1650.0,312.0,84.0,82.12,80.7,322.7,83.23,70.9,32.4,0.2
231.0,1650.0,327.0,83.0,82.53,81.07,322.81,88.03,72.56,31.22,0.21
232.0,1632.0,313.0,85.0,82.3,80.8,324.18,84.33,73.45,32.62,0.22
221.0,1654.0,308.0,84.0,82.4,81.09,323.15,83.87,70.94,31.36,0.19
165.0,1681.0,299.0,84.0,81.95,80.86,325.76,81.2,67.79,32.38,0.2
172.0,1659.0,306.0,82.0,82.05,80.77,328.49,81.92,77.32,31.28,0.21
207.0,1652.0,283.0,85.0,82.41,81.21,323.04,85.08,69.48,34.95,0.2
193.0,1645.0,324.0,84.0,82.07,81.06,321.14,83.86,78.07,32.6,0.19
245.0,1642.0,309.0,86.0,82.31,80.98,319.99,85.37,66.42,33.43,0.21
212.0,1640.0,315.0,85.0,82.42,81.01,324.51,83.21,63.71,31.25,0.19
209.0,1652.0,280.0,85.0,82.08,81.04,325.26,84.58,64.38,31.48,0.21
233.0,1631.0,310.0,90.0,82.12,81.11,323.33,84.57,60.71,33.82,0.21
207.0,1625.0,316.0,91.0,81.55,80.8,330.62,79.41,64.39,32.5,0.21
185.0,1642.0,262.0,89.0,82.05,81.17,328.69,82.31,60.55,33.08,0.21
234.0,1635.0,310.0,92.0,82.47,81.1,321.68,84.21,63.46,34.06,0.2
241.0,1646.0,322.0,91.0,82.58,81.11,322.24,84.46,77.46,32.12,0.21
225.0,1630.0,319.0,91.0,82.47,81.12,319.8,84.61,72.95,33.54,0.21
239.0,1623.0,306.0,89.0,82.2,80.83,316.91,82.14,69.82,33.95,0.2
250.0,1618.0,297.0,88.0,82.58,81.26,321.84,84.57,63.84,31.09,0.2
239.0,1617.0,308.0,89.0,82.39,81.51,316.82,84.44,73.62,32.78,0.21
225.0,1648.0,223.0,88.0,82.93,82.01,321.08,86.82,48.57,33.36,0.21
240.0,1656.0,245.0,88.0,82.55,81.61,318.71,87.59,56.85,34.56,0.21
244.0,1607.0,256.0,86.0,82.24,80.9,322.04,87.07,70.84,35.43,0.22
215.0,1653.0,243.0,87.0,82.5,81.45,316.95,90.29,49.29,32.7,0.21
239.0,1626.0,257.0,88.0,82.18,80.73,315.53,89.04,69.99,34.49,0.2
256.0,1615.0,266.0,89.0,82.0,80.66,314.89,87.05,60.42,35.78,0.2
239.0,1628.0,269.0,89.0,82.28,80.78,318.14,85.22,69.22,33.9,0.2
249.0,1642.0,238.0,88.0,82.65,81.6,318.1,89.57,67.82,33.34,0.2
220.0,1640.0,262.0,88.0,82.17,81.04,322.81,87.25,65.75,34.05,0.21
222.0,1647.0,232.0,90.0,82.58,81.53,317.08,87.72,63.5,34.59,0.23
244.0,1648.0,245.0,89.0,82.55,81.56,315.53,90.45,71.84,34.37,0.2
239.0,1624.0,242.0,90.0,82.33,81.38,314.82,91.53,72.92,33.14,0.2
257.0,1613.0,234.0,90.0,82.27,81.0,315.03,93.27,70.39,34.57,0.23
195.0,1611.0,200.0,89.0,81.1,80.39,316.91,86.98,50.0,34.74,0.21
170.0,1647.0,179.0,88.0,81.04,80.4,325.3,82.71,47.53,32.8,0.2
246.0,1621.0,278.0,89.0,82.36,81.17,323.14,83.03,91.29,34.79,0.23
235.0,1637.0,252.0,90.0,82.34,81.06,319.81,88.01,69.43,37.68,0.19
236.0,1627.0,294.0,89.0,82.31,80.84,323.43,86.38,91.41,35.38,0.2
177.0,1623.0,234.0,86.0,81.86,80.89,328.58,80.75,73.71,33.72,0.22
189.0,1632.0,235.0,89.0,82.16,80.8,323.52,83.35,88.32,36.94,0.22
253.0,1621.0,258.0,91.0,82.26,80.79,319.66,88.47,75.91,32.13,0.2
239.0,1627.0,270.0,92.0,82.21,80.77,319.59,89.36,71.87,36.24,0.21
211.0,1634.0,279.0,90.0,82.03,80.68,321.31,86.3,68.13,34.2,0.23
263.0,1629.0,272.0,90.0,81.51,80.13,323.12,84.25,69.0,33.47,0.22
254.0,1612.0,264.0,90.0,81.98,80.36,324.63,88.07,82.73,35.24,0.23
251.0,1599.0,231.0,90.0,82.36,80.89,324.79,93.28,61.21,33.45,0.2
195.0,1622.0,188.0,87.0,81.9,80.75,327.54,89.95,71.85,36.44,0.2
259.0,1601.0,250.0,90.0,82.42,81.02,325.26,99.93,65.25,32.81,0.2
254.0,1605.0,247.0,89.0,82.06,80.62,318.27,97.07,60.89,31.76,0.22
203.0,1630.0,270.0,88.0,81.9,80.71,325.62,90.92,62.73,35.84,0.2
169.0,1648.0,160.0,85.0,81.68,80.69,330.42,85.0,79.03,34.38,0.2
204.0,1631.0,203.0,89.0,82.3,80.83,326.53,85.74,68.41,32.08,0.19
240.0,1600.0,271.0,88.0,82.21,80.77,327.11,89.8,78.33,34.68,0.21
262.0,1600.0,272.0,89.0,82.06,80.57,322.52,89.8,77.14,32.22,0.21
223.0,1619.0,228.0,87.0,81.2,80.62,319.64,86.34,51.87,31.8,0.21
225.0,1613.0,255.0,84.0,82.26,80.69,323.77,87.38,74.82,35.43,0.21
211.0,1637.0,256.0,85.0,82.35,80.91,324.98,87.3,62.43,32.26,0.2
227.0,1633.0,262.0,86.0,82.3,80.85,323.64,89.04,60.91,34.51,0.2
237.0,1643.0,273.0,86.0,82.3,80.75,319.86,91.25,57.5,35.67,0.19
236.0,1617.0,252.0,85.0,82.02,80.44,318.3,88.23,67.67,34.79,0.19
256.0,1657.0,245.0,84.0,82.57,81.31,318.02,87.09,81.4,36.23,0.2
226.0,1633.0,238.0,84.0,82.77,81.4,317.49,88.41,80.44,32.53,0.2
211.0,1647.0,232.0,82.0,82.25,81.33,323.15,88.92,56.81,34.67,0.2
207.0,1653.0,221.0,83.0,82.39,81.47,323.6,89.05,59.83,34.4,0.21
193.0,1639.0,258.0,83.0,81.93,81.33,324.3,89.4,70.95,33.71,0.19
210.0,1666.0,263.0,83.0,81.98,81.4,323.09,90.5,76.84,34.2,0.21
233.0,1641.0,248.0,84.0,82.36,81.41,319.67,90.85,72.76,32.33,0.23
200.0,1645.0,241.0,82.0,82.17,81.71,326.35,90.04,66.24,34.17,0.19
203.0,1672.0,255.0,83.0,82.42,81.38,318.76,90.43,73.08,33.97,0.2
251.0,1665.0,230.0,84.0,82.67,81.52,316.95,89.85,88.83,34.43,0.21
185.0,1679.0,227.0,82.0,82.22,81.35,320.67,90.6,53.04,33.54,0.22
192.0,1663.0,254.0,82.0,82.06,81.43,324.56,90.03,72.68,33.3,0.21
186.0,1666.0,261.0,80.0,82.38,81.8,325.49,89.64,68.13,31.97,0.21
198.0,1655.0,259.0,83.0,82.41,81.82,323.51,89.5,74.58,32.18,0.2
225.0,1642.0,250.0,82.0,82.31,81.95,319.44,91.48,59.09,34.78,0.2
204.0,1652.0,261.0,81.0,82.44,81.82,321.7,90.8,54.05,33.82,0.2
188.0,1676.0,223.0,80.0,81.97,81.31,325.41,88.38,42.71,34.58,0.22
248.0,1664.0,246.0,84.0,82.36,81.3,312.29,89.92,64.67,34.27,0.19
258.0,1645.0,252.0,85.0,82.38,81.15,309.99,91.92,79.57,36.44,0.19
207.0,1648.0,237.0,86.0,81.74,81.04,326.5,87.25,56.94,33.72,0.2
186.0,1656.0,219.0,88.0,82.26,81.61,329.12,87.91,50.49,33.85,0.22
191.0,1660.0,231.0,87.0,82.3,81.72,329.94,89.3,72.93,35.03,0.19
184.0,1661.0,224.0,86.0,82.38,81.77,326.66,90.37,73.55,34.43,0.2
205.0,1625.0,225.0,87.0,82.39,81.9,323.28,90.75,78.13,33.64,0.2
208.0,1618.0,231.0,87.0,81.57,81.06,318.24,89.56,65.0,32.46,0.21
189.0,1676.0,234.0,89.0,82.35,82.01,323.78,88.76,78.6,35.79,0.2
198.0,1644.0,227.0,90.0,82.24,81.76,321.05,88.76,70.02,35.67,0.21
220.0,1620.0,252.0,86.0,81.83,81.65,323.13,89.52,64.09,33.89,0.21
259.0,1605.0,267.0,89.0,82.37,81.78,319.55,93.31,73.73,37.47,0.21
212.0,1630.0,226.0,83.0,82.55,81.93,317.7,89.99,86.62,36.68,0.22
204.0,1606.0,218.0,84.0,82.48,81.08,324.72,90.18,99.95,32.17,0.2
210.0,1634.0,244.0,83.0,81.92,81.66,320.87,90.16,74.77,36.58,0.19
230.0,1611.0,241.0,83.0,82.35,81.56,321.56,88.87,74.68,35.15,0.19
213.0,1618.0,216.0,84.0,82.15,81.54,323.57,89.22,54.56,35.45,0.19
206.0,1616.0,216.0,82.0,82.14,81.68,325.58,89.5,50.45,35.37,0.2
199.0,1638.0,215.0,83.0,82.23,81.5,325.73,89.2,51.91,35.55,0.21
204.0,1636.0,224.0,84.0,82.34,81.79,322.52,89.27,54.06,35.98,0.19
236.0,1618.0,224.0,85.0,82.59,82.16,320.72,90.41,56.97,36.98,0.21
263.0,1610.0,263.0,86.0,82.63,81.46,312.52,91.6,76.72,36.72,0.2
244.0,1608.0,241.0,84.0,82.5,81.52,315.28,91.63,70.77,36.1,0.2
229.0,1627.0,231.0,82.0,82.22,81.48,316.95,89.37,60.77,37.02,0.22
213.0,1630.0,239.0,85.0,82.16,81.58,318.31,90.52,57.34,36.63,0.21
223.0,1611.0,231.0,83.0,82.25,81.87,320.92,89.64,61.5,35.71,0.2
227.0,1631.0,238.0,86.0,82.68,81.95,321.45,89.47,60.15,34.71,0.21
172.0,1628.0,196.0,82.0,81.52,81.11,325.23,90.04,47.42,35.41,0.19
171.0,1646.0,195.0,83.0,81.96,81.46,329.38,89.0,46.07,35.06,0.2
174.0,1660.0,210.0,80.0,81.74,81.12,330.97,85.31,46.0,34.89,0.19
174.0,1625.0,198.0,80.0,81.35,80.77,325.38,85.58,48.97,37.07,0.21
187.0,1629.0,201.0,84.0,81.69,81.05,325.94,86.93,49.75,34.03,0.21
219.0,1626.0,199.0,84.0,82.22,81.85,323.63,89.59,52.76,34.39,0.19
218.0,1621.0,235.0,82.0,81.62,81.18,322.28,89.27,62.6,36.85,0.2
197.0,1616.0,220.0,82.0,81.6,80.83,324.59,87.57,54.24,35.38,0.2
201.0,1611.0,214.0,82.0,81.83,81.17,328.97,87.59,64.05,35.02,0.21
204.0,1635.0,220.0,83.0,81.94,81.17,329.82,86.93,59.26,33.55,0.19
194.0,1642.0,228.0,82.0,81.78,80.83,330.08,86.46,53.21,34.05,0.21
190.0,1621.0,219.0,83.0,81.82,80.92,330.42,86.44,60.18,34.94,0.23
212.0,1601.0,216.0,83.0,82.03,81.06,330.24,86.53,61.37,34.52,0.21
216.0,1624.0,216.0,86.0,82.54,81.6,326.38,88.46,81.12,38.42,0.2
208.0,1636.0,233.0,86.0,81.92,81.46,315.78,88.95,76.12,36.74,0.2
231.0,1633.0,226.0,86.0,82.36,81.76,314.9,90.0,77.4,37.48,0.2
261.0,1618.0,254.0,89.0,82.25,81.67,315.01,88.97,79.76,37.45,0.2
219.0,1611.0,234.0,92.0,82.13,80.71,325.58,85.57,75.77,33.62,0.18
254.0,1614.0,220.0,93.0,82.42,81.67,324.35,89.02,78.9,35.47,0.19
237.0,1624.0,210.0,90.0,82.11,81.27,316.24,89.61,73.05,36.8,0.19
265.0,1618.0,267.0,88.0,81.91,80.54,317.25,89.21,70.49,36.71,0.2
190.0,1643.0,230.0,85.0,81.25,80.84,333.87,87.5,69.75,35.99,0.19
224.0,1652.0,235.0,86.0,81.82,81.06,326.15,89.18,74.89,35.46,0.18
237.0,1639.0,264.0,87.0,82.3,81.44,326.23,90.04,81.2,35.77,0.17
194.0,1635.0,244.0,82.0,81.54,81.03,315.59,86.49,72.71,34.82,0.18
191.0,1646.0,200.0,81.0,81.69,81.33,314.41,87.13,63.05,35.73,0.17
189.0,1643.0,243.0,81.0,81.49,80.99,315.61,87.36,69.26,35.04,0.19
198.0,1646.0,264.0,81.0,81.54,80.68,315.92,86.3,83.23,34.17,0.18
239.0,1622.0,240.0,88.0,82.3,80.98,319.95,88.92,90.71,35.72,0.19
199.0,1638.0,216.0,83.0,81.74,80.88,320.71,88.72,53.6,35.39,0.17
192.0,1655.0,241.0,82.0,81.76,80.72,325.74,88.62,51.45,36.4,0.18
200.0,1646.0,237.0,83.0,82.17,81.13,323.14,88.75,52.8,34.11,0.17
252.0,1600.0,240.0,86.0,82.36,81.13,320.52,89.79,65.2,33.96,0.17
216.0,1619.0,244.0,86.0,82.17,81.24,325.09,88.25,59.53,34.59,0.18
208.0,1664.0,247.0,85.0,82.4,81.42,321.9,89.65,55.17,36.22,0.17
229.0,1662.0,252.0,86.0,82.58,81.41,316.43,91.26,59.36,35.7,0.18
236.0,1638.0,269.0,86.0,82.5,81.24,315.21,89.52,73.12,34.62,0.18
242.0,1598.0,245.0,88.0,82.17,81.2,318.66,91.69,79.76,35.97,0.18
266.0,1639.0,259.0,90.0,82.33,81.43,311.94,93.21,72.2,35.92,0.18
235.0,1649.0,250.0,88.0,82.76,82.01,316.68,92.62,74.87,33.86,0.17
248.0,1634.0,242.0,87.0,82.71,81.28,312.59,93.94,86.87,34.18,0.17
267.0,1605.0,252.0,87.0,82.26,80.83,314.92,93.59,86.58,36.0,0.17
217.0,1653.0,259.0,87.0,82.9,81.43,315.19,95.22,75.78,33.18,0.18
264.0,1630.0,276.0,88.0,82.33,80.87,314.38,93.21,77.78,32.79,0.18
209.0,1637.0,258.0,84.0,81.81,80.67,321.12,90.92,60.19,34.35,0.18
210.0,1652.0,239.0,85.0,82.04,80.74,320.14,91.45,69.37,33.74,0.18
209.0,1654.0,261.0,84.0,82.36,80.99,320.0,91.79,74.73,33.26,0.17
217.0,1657.0,248.0,85.0,82.34,81.0,319.81,91.46,76.91,33.18,0.18
265.0,1623.0,276.0,87.0,82.62,81.45,313.99,92.72,89.35,34.2,0.17
260.0,1627.0,244.0,86.0,82.93,81.98,315.58,92.29,76.43,32.82,0.17
227.0,1620.0,246.0,83.0,81.87,81.18,316.17,90.54,61.17,33.2,0.17
205.0,1620.0,188.0,84.0,81.71,80.87,317.85,89.84,47.6,32.27,0.17
180.0,1641.0,158.0,84.0,81.79,81.29,322.53,90.14,91.6,35.67,0.18
251.0,1625.0,234.0,86.0,82.41,81.45,319.27,91.69,83.05,35.97,0.18
245.0,1620.0,242.0,86.0,82.73,81.73,317.63,92.82,91.17,33.54,0.18
234.0,1628.0,242.0,84.0,82.4,81.69,321.04,90.36,62.24,34.04,0.17
217.0,1622.0,235.0,84.0,82.18,81.53,314.21,91.31,69.07,34.13,0.17
205.0,1624.0,230.0,85.0,82.11,81.53,324.14,89.31,84.42,33.77,0.17
195.0,1639.0,222.0,84.0,82.15,81.39,327.02,88.78,72.36,34.38,0.17
200.0,1653.0,210.0,86.0,82.45,81.33,324.98,90.14,64.67,34.45,0.17
213.0,1635.0,245.0,84.0,82.11,81.48,319.58,91.79,78.53,35.7,0.16
224.0,1636.0,222.0,84.0,82.07,80.87,320.61,90.61,67.56,34.2,0.17
189.0,1619.0,225.0,82.0,81.97,80.95,326.81,89.11,60.5,33.75,0.17
200.0,1626.0,241.0,84.0,81.68,80.96,321.94,90.26,69.67,34.91,0.16
169.0,1645.0,190.0,83.0,82.0,80.94,332.07,88.19,83.45,33.8,0.16
224.0,1632.0,242.0,86.0,82.03,81.25,321.29,91.75,66.5,34.08,0.17
225.0,1638.0,242.0,86.0,82.09,81.47,324.31,91.24,70.48,33.18,0.17
215.0,1636.0,245.0,84.0,81.88,81.24,316.43,92.66,79.34,34.33,0.16
243.0,1626.0,271.0,85.0,82.23,80.88,314.99,93.11,91.06,34.26,0.18
245.0,1622.0,275.0,86.0,82.09,81.03,315.0,93.21,82.58,32.99,0.17
213.0,1650.0,228.0,86.0,82.41,81.62,318.48,90.38,65.97,33.05,0.16
251.0,1635.0,237.0,86.0,82.51,81.44,315.06,91.01,77.85,35.27,0.17
245.0,1637.0,262.0,85.0,82.04,81.23,314.05,91.89,73.73,33.22,0.17
211.0,1614.0,248.0,85.0,81.95,80.64,323.38,88.92,85.62,34.71,0.17
226.0,1617.0,238.0,87.0,81.96,81.43,319.37,88.7,72.51,35.16,0.17
228.0,1610.0,219.0,88.0,82.0,81.39,319.32,89.58,56.4,32.79,0.16
232.0,1613.0,228.0,88.0,82.1,81.55,322.35,88.86,60.77,34.46,0.17
213.0,1626.0,248.0,88.0,82.18,81.14,319.75,88.83,72.33,34.18,0.18
217.0,1638.0,241.0,88.0,82.35,81.5,319.33,91.14,68.44,33.74,0.17
219.0,1644.0,234.0,86.0,82.31,81.55,315.22,92.06,72.8,33.5,0.17
218.0,1645.0,226.0,87.0,82.25,81.41,318.11,90.8,75.97,33.95,0.16
219.0,1653.0,259.0,87.0,82.2,81.06,318.06,91.29,85.04,34.07,0.17
217.0,1635.0,223.0,87.0,82.76,80.6,323.34,87.81,62.36,35.66,0.17
209.0,1666.0,240.0,87.0,82.9,81.34,319.96,90.53,76.17,34.09,0.18
193.0,1644.0,236.0,87.0,82.07,80.87,319.85,86.85,85.7,34.04,0.17
236.0,1633.0,258.0,90.0,82.06,80.42,317.66,86.57,69.42,33.5,0.17
156.0,1654.0,168.0,86.0,82.34,81.14,326.74,85.32,74.28,33.47,0.19
183.0,1675.0,266.0,92.0,82.35,81.09,319.78,86.54,71.81,35.03,0.17
218.0,1642.0,272.0,86.0,82.58,81.18,319.51,87.68,73.74,34.03,0.16
241.0,1638.0,265.0,89.0,81.97,80.42,318.64,89.65,77.69,33.64,0.16
249.0,1616.0,270.0,88.0,81.79,80.19,319.99,89.57,88.58,34.69,0.18
197.0,1636.0,258.0,87.0,81.58,80.39,327.58,87.48,79.03,32.95,0.18
165.0,1637.0,245.0,85.0,80.99,79.88,330.3,84.86,69.26,33.59,0.17
237.0,1631.0,233.0,92.0,82.45,80.98,323.88,88.85,60.99,34.95,0.18
234.0,1615.0,261.0,89.0,82.23,80.83,319.75,87.7,81.02,33.72,0.17
199.0,1626.0,242.0,87.0,81.58,80.28,321.21,86.27,56.61,33.29,0.18
232.0,1625.0,246.0,90.0,82.24,80.69,324.26,85.77,69.04,35.17,0.19
209.0,1608.0,223.0,87.0,82.13,80.7,324.86,89.87,72.18,33.54,0.17
156.0,1634.0,143.0,86.0,82.14,81.04,329.34,86.81,88.74,35.0,0.19
236.0,1610.0,244.0,89.0,82.42,80.63,321.53,91.4,81.38,34.72,0.17
230.0,1613.0,254.0,89.0,82.13,80.58,325.01,87.93,73.25,33.77,0.17
212.0,1633.0,234.0,88.0,82.28,80.82,323.0,86.07,63.08,34.43,0.17
188.0,1645.0,154.0,88.0,82.23,80.84,322.42,87.14,61.63,34.63,0.2
257.0,1625.0,261.0,89.0,82.67,80.62,312.29,86.53,72.38,33.51,0.17
218.0,1640.0,240.0,88.0,82.82,81.3,317.38,89.93,74.89,34.49,0.17
204.0,1574.0,255.0,85.0,80.92,81.24,317.03,86.24,78.37,34.32,0.18
242.0,1627.0,276.0,87.0,82.41,81.17,311.64,90.09,93.64,33.57,0.19
188.0,1642.0,153.0,87.0,82.07,81.24,316.0,88.64,90.68,37.68,0.18
234.0,1605.0,274.0,89.0,82.47,81.02,314.41,89.31,65.44,35.26,0.17
249.0,1600.0,239.0,92.0,82.32,80.75,317.24,86.37,70.02,36.4,0.18
227.0,1648.0,275.0,87.0,82.9,81.56,313.8,88.88,81.41,36.03,0.17
249.0,1639.0,303.0,86.0,82.42,81.09,312.99,88.12,93.89,34.77,0.17
244.0,1626.0,280.0,87.0,82.57,81.06,313.44,88.28,64.78,34.3,0.18
249.0,1622.0,293.0,89.0,82.85,81.4,313.43,90.71,72.42,35.99,0.17
221.0,1633.0,281.0,87.0,82.16,80.92,314.46,89.56,92.77,35.35,0.18
244.0,1634.0,279.0,89.0,82.64,81.08,314.74,89.33,72.67,34.59,0.18
223.0,1647.0,274.0,87.0,82.3,80.87,319.07,87.82,74.22,35.58,0.17
215.0,1640.0,283.0,87.0,82.44,80.67,319.77,86.77,64.28,36.59,0.17
205.0,1642.0,281.0,86.0,82.47,80.7,317.68,88.47,63.33,34.71,0.18
